bin,count
<5,17.29503752165798
5-10,45.14445636356051
10-15,35.620389098242136
>15,1.9401170165393722